Pagina,Titulo,Precio,Disponibilidad,Precio_Num,Disponible
1,The Requiem Red,£22.65,In stock,22.65,True
1,"The Coming Woman: A Novel Based on the Life of the Infamous Feminist, Victoria Woodhull",£17.93,In stock,17.93,True
1,The Boys in the Boat: Nine Americans and Their Epic Quest for Gold at the 1936 Berlin Olympics,£22.60,In stock,22.6,True
1,"Starving Hearts (Triangular Trade Trilogy, #1)",£13.99,In stock,13.99,True
1,Shakespeare's Sonnets,£20.66,In stock,20.66,True
1,Set Me Free,£17.46,In stock,17.46,True
1,Olio,£23.88,In stock,23.88,True
2,In Her Wake,£12.84,In stock,12.84,True
2,Chase Me (Paris Nights #2),£25.27,In stock,25.27,True
2,America's Cradle of Quarterbacks: Western Pennsylvania's Football Factory from Johnny Unitas to Joe Montana,£22.50,In stock,22.5,True
2,The Four Agreements: A Practical Guide to Personal Freedom,£17.66,In stock,17.66,True
2,The Elephant Tree,£23.82,In stock,23.82,True
2,Sophie's World,£15.94,In stock,15.94,True
2,Maude (1883-1993):She Grew Up with the country,£18.02,In stock,18.02,True
2,"In a Dark, Dark Wood",£19.63,In stock,19.63,True
3,Reasons to Stay Alive,£26.41,In stock,26.41,True
3,#HigherSelfie: Wake Up Your Life. Free Your Soul. Find Your Tribe.,£23.11,In stock,23.11,True
3,Untitled Collection: Sabbath Poems 2014,£14.27,In stock,14.27,True
3,Unicorn Tracks,£18.78,In stock,18.78,True
3,"Unbound: How Eight Technologies Made Us Human, Transformed Society, and Brought Our World to the Brink",£25.52,In stock,25.52,True
3,Tsubasa: WoRLD CHRoNiCLE 2 (Tsubasa WoRLD CHRoNiCLE #2),£16.28,In stock,16.28,True
3,This One Summer,£19.49,In stock,19.49,True
3,Thirst,£17.27,In stock,17.27,True
3,The Torch Is Passed: A Harding Family Story,£19.09,In stock,19.09,True
4,"The Mindfulness and Acceptance Workbook for Anxiety: A Guide to Breaking Free from Anxiety, Phobias, and Worry Using Acceptance and Commitment Therapy",£23.89,In stock,23.89,True
4,The Life-Changing Magic of Tidying Up: The Japanese Art of Decluttering and Organizing,£16.77,In stock,16.77,True
4,"The Inefficiency Assassin: Time Management Tactics for Working Smarter, Not Longer",£20.59,In stock,20.59,True
4,The Age of Genius: The Seventeenth Century and the Birth of the Modern Mind,£19.73,In stock,19.73,True
4,"Saga, Volume 6 (Saga (Collected Editions) #6)",£25.02,In stock,25.02,True
4,Reskilling America: Learning to Labor in the Twenty-First Century,£19.83,In stock,19.83,True
5,"Princess Jellyfish 2-in-1 Omnibus, Vol. 01 (Princess Jellyfish 2-in-1 Omnibus #1)",£13.61,In stock,13.61,True
5,Princess Between Worlds (Wide-Awake Princess #5),£13.34,In stock,13.34,True
5,"Pop Gun War, Volume 1: Gift",£18.97,In stock,18.97,True
5,Patience,£10.16,In stock,10.16,True
5,"Outcast, Vol. 1: A Darkness Surrounds Him (Outcast #1)",£15.44,In stock,15.44,True
5,On a Midnight Clear,£14.07,In stock,14.07,True
5,Obsidian (Lux #1),£14.86,In stock,14.86,True
5,"Mama Tried: Traditional Italian Cooking for the Screwed, Crude, Vegan, and Tattooed",£14.02,In stock,14.02,True
5,Lumberjanes Vol. 3: A Terrible Plan (Lumberjanes #9-12),£19.92,In stock,19.92,True
5,In the Country We Love: My Family Divided,£22.00,In stock,22.0,True
6,"I Hate Fairyland, Vol. 1: Madly Ever After (I Hate Fairyland (Compilations) #1-5)",£29.17,In stock,29.17,True
6,"Giant Days, Vol. 2 (Giant Days #5-8)",£22.11,In stock,22.11,True
6,Forever and Forever: The Courtship of Henry Longfellow and Fanny Appleton,£29.69,In stock,29.69,True
6,First and First (Five Boroughs #3),£15.97,In stock,15.97,True
6,Fifty Shades Darker (Fifty Shades #2),£21.96,In stock,21.96,True
6,Camp Midnight,£17.08,In stock,17.08,True
6,Call the Nurse: True Stories of a Country Nurse on a Scottish Isle,£29.14,In stock,29.14,True
6,Burning,£28.81,In stock,28.81,True
6,"Avatar: The Last Airbender: Smoke and Shadow, Part 3 (Smoke and Shadow #3)",£28.09,In stock,28.09,True
7,A Murder in Time,£16.64,In stock,16.64,True
7,A Fierce and Subtle Poison,£28.13,In stock,28.13,True
7,You Are What You Love: The Spiritual Power of Habit,£21.87,In stock,21.87,True
7,Tuesday Nights in 1980,£21.04,In stock,21.04,True
7,The Wedding Dress,£24.12,In stock,24.12,True
7,The Third Wave: An Entrepreneur’s Vision of the Future,£12.61,In stock,12.61,True
7,The Stranger,£17.44,In stock,17.44,True
8,The Secret (The Secret #1),£27.37,In stock,27.37,True
8,The Project,£10.65,In stock,10.65,True
8,The Long Shadow of Small Ghosts: Murder and Memory in an American City,£10.97,In stock,10.97,True
8,The Genius of Birds,£17.24,In stock,17.24,True
8,The Emerald Mystery,£23.15,In stock,23.15,True
9,The Argonauts,£10.93,In stock,10.93,True
9,The 10% Entrepreneur: Live Your Startup Dream Without Quitting Your Day Job,£27.55,In stock,27.55,True
9,Something More Than This,£16.24,In stock,16.24,True
9,Soft Apocalypse,£26.12,In stock,26.12,True
9,So You've Been Publicly Shamed,£12.23,In stock,12.23,True
9,Shoe Dog: A Memoir by the Creator of NIKE,£23.99,In stock,23.99,True
9,"Shobu Samurai, Project Aryoku (#3)",£29.06,In stock,29.06,True
9,Secrets and Lace (Fatal Hearts #1),£20.27,In stock,20.27,True
9,Redeeming Love,£20.47,In stock,20.47,True
9,Poems That Make Grown Women Cry,£14.19,In stock,14.19,True
10,Modern Romance,£28.26,In stock,28.26,True
10,Miss Peregrine’s Home for Peculiar Children (Miss Peregrine’s Peculiar Children #1),£10.76,In stock,10.76,True
10,Louisa: The Extraordinary Life of Mrs. Adams,£16.85,In stock,16.85,True
10,Little Red,£13.47,In stock,13.47,True
10,Large Print Heart of the Pride,£19.15,In stock,19.15,True
10,Grumbles,£22.16,In stock,22.16,True
10,Frostbite (Vampire Academy #2),£29.99,In stock,29.99,True
10,Follow You Home,£21.36,In stock,21.36,True
10,First Steps for New Christians (Print Edition),£29.00,In stock,29.0,True
11,Dark Notes,£19.19,In stock,19.19,True
11,"Daring Greatly: How the Courage to Be Vulnerable Transforms the Way We Live, Love, Parent, and Lead",£19.43,In stock,19.43,True
11,Becoming Wise: An Inquiry into the Mystery and Art of Living,£27.43,In stock,27.43,True
11,Beauty Restored (Riley Family Legacy Novellas #3),£11.11,In stock,11.11,True
11,Batman: The Dark Knight Returns (Batman),£15.38,In stock,15.38,True
11,Ayumi's Violin,£15.48,In stock,15.48,True
11,Amy Meets the Saints and Sages,£18.46,In stock,18.46,True
11,Agnostic: A Spirited Manifesto,£12.51,In stock,12.51,True
11,Zealot: The Life and Times of Jesus of Nazareth,£24.70,In stock,24.7,True
11,Wild Swans,£14.36,In stock,14.36,True
12,What's It Like in Space?: Stories from Astronauts Who've Been There,£19.60,In stock,19.6,True
12,Walt Disney's Alice in Wonderland,£12.96,In stock,12.96,True
12,Twenty Yawns,£22.08,In stock,22.08,True
12,Through the Woods,£25.38,In stock,25.38,True
12,This Is Where It Ends,£27.12,In stock,27.12,True
12,The White Queen (The Cousins' War #1),£25.91,In stock,25.91,True
12,The Time Keeper,£27.88,In stock,27.88,True
13,The Power of Habit: Why We Do What We Do in Life and Business,£16.88,In stock,16.88,True
13,The Marriage of Opposites,£28.08,In stock,28.08,True
13,The Lucifer Effect: Understanding How Good People Turn Evil,£10.40,In stock,10.4,True
13,The Loney,£23.40,In stock,23.4,True
13,The Literature Book (Big Ideas Simply Explained),£17.43,In stock,17.43,True
13,The Help Yourself Cookbook for Kids: 60 Easy Plant-Based Recipes Kids Can Make to Stay Healthy and Save the Earth,£28.77,In stock,28.77,True
13,The Guilty (Will Robie #4),£13.82,In stock,13.82,True
13,The First Hostage (J.B. Collins #2),£25.85,In stock,25.85,True
13,The Bad-Ass Librarians of Timbuktu: And Their Race to Save the World’s Most Precious Manuscripts,£15.77,In stock,15.77,True
13,That Darkness (Gardiner and Renner #1),£13.92,In stock,13.92,True
13,Tastes Like Fear (DI Marnie Rome #3),£10.69,In stock,10.69,True
14,Superman Vol. 1: Before Truth (Superman by Gene Luen Yang #1),£11.89,In stock,11.89,True
14,Still Life with Bread Crumbs,£26.41,In stock,26.41,True
14,"Red Hood/Arsenal, Vol. 1: Open for Business (Red Hood/Arsenal #1)",£25.48,In stock,25.48,True
14,Rain Fish,£23.57,In stock,23.57,True
14,Pet Sematary,£10.56,In stock,10.56,True
14,Once Was a Time,£18.28,In stock,18.28,True
14,Old School (Diary of a Wimpy Kid #10),£11.83,In stock,11.83,True
14,No Dream Is Too High: Life Lessons From a Man Who Walked on the Moon,£21.95,In stock,21.95,True
15,My Mrs. Brown,£24.48,In stock,24.48,True
15,Mr. Mercedes (Bill Hodges Trilogy #1),£28.90,In stock,28.9,True
15,Love Is a Mix Tape (Music #1),£18.03,In stock,18.03,True
15,Looking for Lovely: Collecting the Moments that Matter,£29.14,In stock,29.14,True
15,Let It Out: A Journey Through Journaling,£26.79,In stock,26.79,True
15,Lady Midnight (The Dark Artifices #1),£16.28,In stock,16.28,True
15,"It's All Easy: Healthy, Delicious Weeknight Meals in under 30 Minutes",£19.55,In stock,19.55,True
15,Island of Dragons (Unwanteds #7),£29.65,In stock,29.65,True
15,I Know What I'm Doing -- and Other Lies I Tell Myself: Dispatches from a Life Under Construction,£25.98,In stock,25.98,True
15,I Am Pilgrim (Pilgrim #1),£10.60,In stock,10.6,True
15,"Hyperbole and a Half: Unfortunate Situations, Flawed Coping Mechanisms, Mayhem, and Other Things That Happened",£14.75,In stock,14.75,True
16,Hold Your Breath (Search and Rescue #1),£28.82,In stock,28.82,True
16,Greek Mythic History,£10.23,In stock,10.23,True
16,"Far & Away: Places on the Brink of Change: Seven Continents, Twenty-Five Years",£15.06,In stock,15.06,True
16,Eligible (The Austen Project #4),£27.09,In stock,27.09,True
16,Eight Hundred Grapes,£14.39,In stock,14.39,True
16,Dear Mr. Knightley,£11.21,In stock,11.21,True
16,Cometh the Hour (The Clifton Chronicles #6),£25.01,In stock,25.01,True
17,Code Name Verity (Code Name Verity #1),£22.13,In stock,22.13,True
17,City of Fallen Angels (The Mortal Instruments #4),£11.23,In stock,11.23,True
17,Cell,£20.29,In stock,20.29,True
17,Barefoot Contessa Back to Basics,£28.01,In stock,28.01,True
17,Balloon Animals,£17.03,In stock,17.03,True
18,All the Light We Cannot See,£29.87,In stock,29.87,True
18,"Adulthood Is a Myth: A ""Sarah's Scribbles"" Collection",£10.90,In stock,10.9,True
18,A Study in Scarlet (Sherlock Holmes #1),£16.73,In stock,16.73,True
18,A Distant Mirror: The Calamitous 14th Century,£14.58,In stock,14.58,True
18,1491: New Revelations of the Americas Before Columbus,£21.80,In stock,21.8,True
18,"The Three Searches, Meaning, and the Story",£13.33,In stock,13.33,True
18,My Kitchen Year: 136 Recipes That Saved My Life,£11.53,In stock,11.53,True
18,13 Hours: The Inside Account of What Really Happened In Benghazi,£27.06,In stock,27.06,True
18,Will You Won't You Want Me?,£13.86,In stock,13.86,True
19,The Midnight Watch: A Novel of the Titanic and the Californian,£26.20,In stock,26.2,True
19,The Epidemic (The Program 0.6),£14.44,In stock,14.44,True
19,The Children,£11.88,In stock,11.88,True
19,Snatched: How A Drug Queen Went Undercover for the DEA and Was Kidnapped By Colombian Guerillas,£21.21,In stock,21.21,True
19,Poisonous (Max Revere Novels #3),£26.80,In stock,26.8,True
19,One with You (Crossfire #5),£15.71,In stock,15.71,True
19,"Love, Lies and Spies",£20.55,In stock,20.55,True
20,Hide Away (Eve Duncan #20),£11.84,In stock,11.84,True
20,Everyday Italian: 125 Simple and Delicious Recipes,£20.10,In stock,20.1,True
20,The Widow,£27.26,In stock,27.26,True
20,"The Sleep Revolution: Transforming Your Life, One Night at a Time",£11.68,In stock,11.68,True
20,The Art of Startup Fundraising,£21.00,In stock,21.0,True
20,"Setting the World on Fire: The Brief, Astonishing Life of St. Catherine of Siena",£21.15,In stock,21.15,True
20,Playing with Fire,£13.71,In stock,13.71,True
21,Mothering Sunday,£13.34,In stock,13.34,True
21,"Mother, Can You Not?",£16.89,In stock,16.89,True
21,M Train,£27.18,In stock,27.18,True
21,Lilac Girls,£17.28,In stock,17.28,True
21,Keep Me Posted,£20.46,In stock,20.46,True
21,Daredevils,£16.34,In stock,16.34,True
21,Cravings: Recipes for What You Want to Eat,£20.50,In stock,20.5,True
21,Born for This: How to Find the Work You Were Meant to Do,£21.59,In stock,21.59,True
21,Arena,£21.36,In stock,21.36,True
21,Adultery,£20.88,In stock,20.88,True
21,A Mother's Reckoning: Living in the Aftermath of Tragedy,£19.53,In stock,19.53,True
21,A Gentleman's Position (Society of Gentlemen #3),£14.75,In stock,14.75,True
21,"10% Happier: How I Tamed the Voice in My Head, Reduced Stress Without Losing My Edge, and Found Self-Help That Actually Works",£24.57,In stock,24.57,True
22,Underlying Notes,£11.82,In stock,11.82,True
22,The Shack,£28.03,In stock,28.03,True
22,"The Moosewood Cookbook: Recipes from Moosewood Restaurant, Ithaca, New York",£12.34,In stock,12.34,True
22,The Flowers Lied,£16.68,In stock,16.68,True
22,The Book of Mormon,£24.57,In stock,24.57,True
22,Nap-a-Roo,£25.08,In stock,25.08,True
22,"NaNo What Now? Finding your editing process, revising your NaNoWriMo book and building a writing career through publishing and beyond",£10.41,In stock,10.41,True
22,If I Gave You God's Phone Number....: Searching for Spirituality in America,£20.91,In stock,20.91,True
23,Why Not Me?,£17.76,In stock,17.76,True
23,"The Midnight Assassin: Panic, Scandal, and the Hunt for America's First Serial Killer",£28.45,In stock,28.45,True
23,South of Sunshine,£28.93,In stock,28.93,True
24,Roller Girl,£14.10,In stock,14.1,True
24,Rising Strong,£21.82,In stock,21.82,True
24,Man's Search for Meaning,£29.48,In stock,29.48,True
24,"Love That Boy: What Two Presidents, Eight Road Trips, and My Son Taught Me About a Parent's Expectations",£25.06,In stock,25.06,True
24,Living Forward: A Proven Plan to Stop Drifting and Get the Life You Want,£12.55,In stock,12.55,True
24,Les Fleurs du Mal,£29.04,In stock,29.04,True
24,John Vassos: Industrial Design for Modern Life,£20.22,In stock,20.22,True
24,Hystopia: A Novel,£21.96,In stock,21.96,True
24,History of Beauty,£10.29,In stock,10.29,True
25,Diary of a Citizen Scientist: Chasing Tiger Beetles and Other New Ways of Engaging the World,£28.41,In stock,28.41,True
25,Brilliant Beacons: A History of the American Lighthouse,£11.45,In stock,11.45,True
25,Brazen: The Courage to Find the You That's Been Hiding,£19.22,In stock,19.22,True
25,"A Murder Over a Girl: Justice, Gender, Junior High",£13.20,In stock,13.2,True
25,You Are a Badass: How to Stop Doubting Your Greatness and Start Living an Awesome Life,£12.08,In stock,12.08,True
25,Wildlife of New York: A Five-Borough Coloring Book,£22.14,In stock,22.14,True
25,What Happened on Beale Street (Secrets of the South Mysteries #2),£25.37,In stock,25.37,True
25,Toddlers Are A**holes: It's Not Your Fault,£25.55,In stock,25.55,True
26,The Origin of Species,£10.01,In stock,10.01,True
26,The Glass Castle,£16.24,In stock,16.24,True
26,The Constant Princess (The Tudor Court #1),£16.62,In stock,16.62,True
26,Team of Rivals: The Political Genius of Abraham Lincoln,£20.12,In stock,20.12,True
26,Steal Like an Artist: 10 Things Nobody Told You About Being Creative,£20.90,In stock,20.9,True
26,"Sit, Stay, Love",£20.90,In stock,20.9,True
27,"Naturally Lean: 125 Nourishing Gluten-Free, Plant-Based Recipes--All Under 300 Calories",£11.38,In stock,11.38,True
27,Like Never Before (Walker Family #2),£28.77,In stock,28.77,True
27,Life of Pi,£13.22,In stock,13.22,True
27,How to Be a Domestic Goddess: Baking and the Art of Comfort Cooking,£28.25,In stock,28.25,True
27,"Fruits Basket, Vol. 7 (Fruits Basket #7)",£19.57,In stock,19.57,True
27,Every Heart a Doorway (Every Heart A Doorway #1),£12.16,In stock,12.16,True
27,Delivering the Truth (Quaker Midwife Mystery #1),£20.89,In stock,20.89,True
27,Counted With the Stars (Out from Egypt #1),£17.97,In stock,17.97,True
27,Blue Like Jazz: Nonreligious Thoughts on Christian Spirituality,£25.77,In stock,25.77,True
28,"At The Existentialist Café: Freedom, Being, and apricot cocktails with: Jean-Paul Sartre, Simone de Beauvoir, Albert Camus, Martin Heidegger, Edmund Husserl, Karl Jaspers, Maurice Merleau-Ponty and others",£29.93,In stock,29.93,True
28,The Mysterious Affair at Styles (Hercule Poirot #1),£24.80,In stock,24.8,True
28,The Hobbit (Middle-Earth Universe),£17.80,In stock,17.8,True
28,The Golden Compass (His Dark Materials #1),£18.77,In stock,18.77,True
28,The Girl You Left Behind (The Girl You Left Behind #1),£15.79,In stock,15.79,True
28,The Fellowship of the Ring (The Lord of the Rings #1),£10.27,In stock,10.27,True
28,The Collected Poems of W.B. Yeats (The Collected Works of W.B. Yeats #1),£15.42,In stock,15.42,True
29,Pride and Prejudice,£19.27,In stock,19.27,True
29,Me Before You (Me Before You #1),£19.02,In stock,19.02,True
29,Give It Back,£18.32,In stock,18.32,True
29,"Fruits Basket, Vol. 6 (Fruits Basket #6)",£20.96,In stock,20.96,True
29,An Unquiet Mind: A Memoir of Moods and Madness,£21.30,In stock,21.3,True
30,Two Summers,£14.64,In stock,14.64,True
30,The Secret Garden,£15.08,In stock,15.08,True
30,The Power Greens Cookbook: 140 Delicious Superfood Recipes,£11.05,In stock,11.05,True
30,The Metamorphosis,£28.58,In stock,28.58,True
30,The Little Paris Bookshop,£24.73,In stock,24.73,True
30,The Grand Design,£13.76,In stock,13.76,True
31,The Darkest Corners,£11.33,In stock,11.33,True
31,The 5th Wave (The 5th Wave #1),£11.83,In stock,11.83,True
31,Talking to Girls About Duran Duran: One Young Man's Quest for True Love and a Cooler Haircut,£25.15,In stock,25.15,True
31,Shiver (The Wolves of Mercy Falls #1),£16.23,In stock,16.23,True
31,Remember Me?,£11.48,In stock,11.48,True
31,Red Dragon (Hannibal Lecter #1),£23.37,In stock,23.37,True
31,Peak: Secrets from the New Science of Expertise,£16.28,In stock,16.28,True
31,Mexican Today: New and Rediscovered Recipes for Contemporary Kitchens,£24.91,In stock,24.91,True
31,Maybe Something Beautiful: How Art Transformed a Neighborhood,£22.54,In stock,22.54,True
31,Lola and the Boy Next Door (Anna and the French Kiss #2),£23.63,In stock,23.63,True
31,Logan Kade (Fallen Crest High #5.5),£13.12,In stock,13.12,True
31,Kill the Boy Band,£15.52,In stock,15.52,True
32,Harry Potter and the Deathly Hallows (Harry Potter #7),£23.32,In stock,23.32,True
32,"Fruits Basket, Vol. 5 (Fruits Basket #5)",£16.33,In stock,16.33,True
32,Fool Me Once,£16.96,In stock,16.96,True
32,Find Her (Detective D.D. Warren #8),£22.37,In stock,22.37,True
32,Critique of Pure Reason,£20.75,In stock,20.75,True
32,Booked,£17.49,In stock,17.49,True
32,An Abundance of Katherines,£10.00,In stock,10.0,True
33,A Feast for Crows (A Song of Ice and Fire #4),£17.21,In stock,17.21,True
33,A Clash of Kings (A Song of Ice and Fire #2),£10.79,In stock,10.79,True
33,The Shining (The Shining #1),£27.88,In stock,27.88,True
33,The Passion of Dolssa,£28.32,In stock,28.32,True
33,The Hunger Games (The Hunger Games #1),£29.85,In stock,29.85,True
33,The Hound of the Baskervilles (Sherlock Holmes #5),£14.82,In stock,14.82,True
33,The Gunning of America: Business and the Making of American Gun Culture,£16.81,In stock,16.81,True
33,The Geography of Bliss: One Grump's Search for the Happiest Places in the World,£28.23,In stock,28.23,True
33,"The Demon Prince of Momochi House, Vol. 4 (The Demon Prince of Momochi House #4)",£27.88,In stock,27.88,True
33,Some Women,£13.73,In stock,13.73,True
34,Outlander (Outlander #1),£19.67,In stock,19.67,True
34,"Orchestra of Exiles: The Story of Bronislaw Huberman, the Israel Philharmonic, and the One Thousand Jews He Saved from Nazi Horrors",£12.36,In stock,12.36,True
34,No One Here Gets Out Alive,£20.02,In stock,20.02,True
34,Night Shift (Night Shift #1-20),£12.75,In stock,12.75,True
34,Mockingjay (The Hunger Games #3),£20.44,In stock,20.44,True
34,Little Women (Little Women #1),£28.07,In stock,28.07,True
34,It,£25.01,In stock,25.01,True
34,Harry Potter and the Sorcerer's Stone (Harry Potter #1),£13.90,In stock,13.9,True
34,Harry Potter and the Prisoner of Azkaban (Harry Potter #3),£24.17,In stock,24.17,True
34,Harry Potter and the Chamber of Secrets (Harry Potter #2),£14.74,In stock,14.74,True
34,God Is Not Great: How Religion Poisons Everything,£27.80,In stock,27.8,True
34,Girl With a Pearl Earring,£26.77,In stock,26.77,True
35,Dark Lover (Black Dagger Brotherhood #1),£12.87,In stock,12.87,True
35,Changing the Game (Play by Play #2),£13.38,In stock,13.38,True
35,Can You Keep a Secret?,£21.94,In stock,21.94,True
35,Atlas Shrugged,£26.58,In stock,26.58,True
35,"A History of God: The 4,000-Year Quest of Judaism, Christianity, and Islam",£27.62,In stock,27.62,True
35,Wuthering Heights,£17.73,In stock,17.73,True
35,World War Z: An Oral History of the Zombie War,£21.80,In stock,21.8,True
35,"Where'd You Go, Bernadette",£18.13,In stock,18.13,True
35,We Are All Completely Beside Ourselves,£24.04,In stock,24.04,True
36,Voyager (Outlander #3),£21.07,In stock,21.07,True
36,Vegan Vegetarian Omnivore: Dinner for Everyone at the Table,£13.66,In stock,13.66,True
36,Three-Martini Lunch,£23.21,In stock,23.21,True
36,"Thinking, Fast and Slow",£21.14,In stock,21.14,True
36,"The Wicked + The Divine, Vol. 3: Commercial Suicide (The Wicked + The Divine)",£14.41,In stock,14.41,True
36,The Travelers,£15.77,In stock,15.77,True
36,The Tipping Point: How Little Things Can Make a Big Difference,£10.02,In stock,10.02,True
36,The Smitten Kitchen Cookbook,£23.59,In stock,23.59,True
37,The Silkworm (Cormoran Strike #2),£23.05,In stock,23.05,True
37,The Road to Little Dribbling: Adventures of an American in Britain (Notes From a Small Island #2),£23.21,In stock,23.21,True
37,The Restaurant at the End of the Universe (Hitchhiker's Guide to the Galaxy #2),£10.92,In stock,10.92,True
37,The Purest Hook (Second Circle Tattoos #3),£12.25,In stock,12.25,True
37,The Picture of Dorian Gray,£29.70,In stock,29.7,True
37,The Nightingale,£26.26,In stock,26.26,True
37,The Maze Runner (The Maze Runner #1),£20.93,In stock,20.93,True
38,"The Land of 10,000 Madonnas",£29.64,In stock,29.64,True
38,The Infinities,£27.41,In stock,27.41,True
38,The Guns of August,£14.54,In stock,14.54,True
38,The Giver (The Giver Quartet #1),£12.30,In stock,12.3,True
38,The Girl Who Played with Fire (Millennium Trilogy #2),£22.14,In stock,22.14,True
38,"The End of Faith: Religion, Terror, and the Future of Reason",£22.13,In stock,22.13,True
38,"The Elegant Universe: Superstrings, Hidden Dimensions, and the Quest for the Ultimate Theory",£13.03,In stock,13.03,True
38,The Day the Crayons Came Home (Crayons),£26.33,In stock,26.33,True
39,The Da Vinci Code (Robert Langdon #2),£22.96,In stock,22.96,True
39,The Cuckoo's Calling (Cormoran Strike #1),£19.21,In stock,19.21,True
39,The Complete Stories and Poems (The Works of Edgar Allan Poe [Cameo Edition]),£26.78,In stock,26.78,True
39,The Catcher in the Rye,£24.55,In stock,24.55,True
39,The Cat in the Hat (Beginner Books B-1),£16.26,In stock,16.26,True
39,The Autobiography of Malcolm X,£23.43,In stock,23.43,True
39,The Art of Fielding,£22.10,In stock,22.1,True
39,"Surely You're Joking, Mr. Feynman!: Adventures of a Curious Character",£25.83,In stock,25.83,True
39,Soldier (Talon #3),£24.72,In stock,24.72,True
40,Scarlet (The Lunar Chronicles #2),£14.57,In stock,14.57,True
40,"Saga, Volume 3 (Saga (Collected Editions) #3)",£21.57,In stock,21.57,True
40,Running with Scissors,£12.91,In stock,12.91,True
40,Reservations for Two,£11.10,In stock,11.1,True
40,Red: The True Story of Red Riding Hood,£28.54,In stock,28.54,True
40,Ready Player One,£19.07,In stock,19.07,True
40,Outliers: The Story of Success,£14.16,In stock,14.16,True
40,Orange Is the New Black,£24.61,In stock,24.61,True
41,Night (The Night Trilogy #1),£13.51,In stock,13.51,True
41,Morning Star (Red Rising #3),£29.40,In stock,29.4,True
41,Lust & Wonder,£11.87,In stock,11.87,True
41,Lila (Gilead #3),£12.47,In stock,12.47,True
41,Life After Life,£26.13,In stock,26.13,True
41,Letter to a Christian Nation,£22.20,In stock,22.2,True
41,"Lean In: Women, Work, and the Will to Lead",£25.02,In stock,25.02,True
42,Is Everyone Hanging Out Without Me? (And Other Concerns),£20.11,In stock,20.11,True
42,"In the Garden of Beasts: Love, Terror, and an American Family in Hitler's Berlin",£28.85,In stock,28.85,True
42,I've Got Your Number,£19.69,In stock,19.69,True
42,I Am Malala: The Girl Who Stood Up for Education and Was Shot by the Taliban,£28.88,In stock,28.88,True
42,Green Eggs and Ham (Beginner Books B-16),£10.79,In stock,10.79,True
42,Gratitude,£26.66,In stock,26.66,True
43,Fire Bound (Sea Haven/Sisters of the Heart #5),£21.28,In stock,21.28,True
43,Fifty Shades Freed (Fifty Shades #3),£15.36,In stock,15.36,True
43,Extreme Prey (Lucas Davenport #26),£25.40,In stock,25.4,True
43,Eclipse (Twilight #3),£18.74,In stock,18.74,True
43,Disrupted: My Misadventure in the Start-Up Bubble,£15.28,In stock,15.28,True
43,"David and Goliath: Underdogs, Misfits, and the Art of Battling Giants",£17.81,In stock,17.81,True
43,Dark Places,£23.90,In stock,23.9,True
43,Counting Thyme,£10.62,In stock,10.62,True
44,Cinder (The Lunar Chronicles #1),£26.09,In stock,26.09,True
44,Career of Evil (Cormoran Strike #3),£24.72,In stock,24.72,True
44,Boy Meets Boy,£21.12,In stock,21.12,True
44,"Born to Run: A Hidden Tribe, Superathletes, and the Greatest Race the World Has Never Seen",£27.35,In stock,27.35,True
44,Blink: The Power of Thinking Without Thinking,£21.74,In stock,21.74,True
44,Big Little Lies,£22.11,In stock,22.11,True
44,Between Shades of Gray,£20.79,In stock,20.79,True
44,Best of My Love (Fool's Gold #20),£27.41,In stock,27.41,True
44,Beautiful Creatures (Caster Chronicles #1),£21.55,In stock,21.55,True
44,Ash,£22.06,In stock,22.06,True
44,Are We There Yet?,£10.66,In stock,10.66,True
45,A Visit from the Goon Squad,£14.08,In stock,14.08,True
45,"The Suffragettes (Little Black Classics, #96)",£11.89,In stock,11.89,True
45,The Course of Love,£16.78,In stock,16.78,True
45,Sugar Rush (Offensive Line #2),£24.42,In stock,24.42,True
45,"Saga, Volume 2 (Saga (Collected Editions) #2)",£11.75,In stock,11.75,True
45,"Run, Spot, Run: The Ethics of Keeping Pets",£20.02,In stock,20.02,True
45,New Moon (Twilight #2),£12.86,In stock,12.86,True
46,"Fruits Basket, Vol. 2 (Fruits Basket #2)",£11.64,In stock,11.64,True
46,"Y: The Last Man, Vol. 1: Unmanned (Y: The Last Man #1)",£18.51,In stock,18.51,True
46,"Vampire Knight, Vol. 1 (Vampire Knight #1)",£15.40,In stock,15.4,True
46,The Zombie Room,£19.69,In stock,19.69,True
46,The Silent Wife,£12.34,In stock,12.34,True
46,The Selfish Gene,£29.45,In stock,29.45,True
47,The Odyssey,£29.64,In stock,29.64,True
47,The Mirror & the Maze (The Wrath and the Dawn #1.5),£29.38,In stock,29.38,True
47,The Iliad,£16.16,In stock,16.16,True
47,The Haters,£27.89,In stock,27.89,True
47,The Girl You Lost,£12.29,In stock,12.29,True
47,The Girl In The Ice (DCI Erika Foster #1),£15.85,In stock,15.85,True
47,The End of the Jesus Era (An Investigation #1),£14.40,In stock,14.4,True
47,The Edge of Reason (Bridget Jones #2),£19.18,In stock,19.18,True
47,The Complete Maus (Maus #1-2),£10.64,In stock,10.64,True
47,The Communist Manifesto,£14.76,In stock,14.76,True
48,Taking Shots (Assassins #1),£18.88,In stock,18.88,True
48,Starlark,£25.83,In stock,25.83,True
48,Sister Sable (The Mad Queen #1),£13.33,In stock,13.33,True
48,Shadow Rites (Jane Yellowrock #10),£21.72,In stock,21.72,True
48,"Saga, Volume 1 (Saga (Collected Editions) #1)",£28.48,In stock,28.48,True
48,"Rhythm, Chord & Malykhin",£28.34,In stock,28.34,True
48,Paradise Lost (Paradise #1),£24.96,In stock,24.96,True
48,"Paper Girls, Vol. 1 (Paper Girls #1-5)",£21.71,In stock,21.71,True
48,"Ouran High School Host Club, Vol. 1 (Ouran High School Host Club #1)",£29.87,In stock,29.87,True
48,Origins (Alphas 0.5),£28.99,In stock,28.99,True
49,Meditations,£25.89,In stock,25.89,True
49,Matilda,£28.34,In stock,28.34,True
49,Lost Among the Living,£27.70,In stock,27.7,True
49,Lord of the Flies,£24.89,In stock,24.89,True
50,Forever Rockers (The Rocker #12),£28.80,In stock,28.8,True
50,Choosing Our Religion: The Spiritual Lives of America's Nones,£28.42,In stock,28.42,True
50,Charlie and the Chocolate Factory (Charlie Bucket #1),£22.85,In stock,22.85,True
50,Bridget Jones's Diary (Bridget Jones #1),£29.82,In stock,29.82,True
50,Blood Defense (Samantha Brinkman #1),£20.30,In stock,20.3,True
50,A Spy's Devotion (The Regency Spies of London #1),£16.97,In stock,16.97,True
50,"1,000 Places to See Before You Die",£26.08,In stock,26.08,True
